{
  "vector": 11,
  "keyword": 160,
  "graph": 33,
  "combined": 144,
  "total": 348,
  "vector_percent": 3.1609195402298855,
  "keyword_percent": 45.97701149425287,
  "graph_percent": 9.482758620689655,
  "combined_percent": 41.37931034482759
}